feature,perm_importance,perm_importance_std
capex_$perkWac,0.9517054125079137,0.013238871448596413
wacc_real,0.6024005913945453,0.010204963057225895
fixed_om_$perkWac_yr,0.3010053259349207,0.001867337620778923
degradation_%,0.016907853305631715,0.0003009521744292153
lifetime_y,0.013290512845970645,0.00013387933530559486
availability_%,0.0010951976631824178,2.3458157987876563e-05
y0_net_mwh,0.0010705941378570533,1.9829467415755592e-05
