site,total_days,annual_gain_vs0_pct
NC,366,1.5643603519962304
WC,366,1.5046592712209859
