bin_id,n_days,pct
clear,225,61.47540983606557
mostly_clear,84,22.950819672131146
partly_cloudy,49,13.387978142076502
cloudy,8,2.185792349726776
