bin_id,n_days,pct
clear,253,69.1256830601093
mostly_clear,83,22.6775956284153
partly_cloudy,25,6.830601092896175
cloudy,5,1.366120218579235
