delta_deg,E_year_kWh,E_DJF,E_MAM,E_JJA,E_SON
0,569.7410581802376,165.68208267981834,124.05639290098917,117.29893941940166,162.70364318002842
